         , Time_0, Time_1, Time_2, Time_3, Time_4, Time_5, Time_6, Time_7, Time_8, Time_9, Time_10, Time_11, Time_12, Time_13, Time_14, Time_15, Time_16, Time_17, Time_18, Time_19, Time_20, Time_21, Time_22, Time_23, Time_24, Time_25, Time_26, Time_27, Time_28, Time_29, Time_30, Time_31, Time_32, Time_33, Time_34, Time_35, Time_36, Time_37, Time_38, Time_39, Time_40, Time_41, Time_42, Time_43, Time_44, Time_45, Time_46, Time_47, Time_48, Time_49
Neuron_0 ,   14.0,   11.0,   10.0,   19.0,   15.0,   11.0,   12.0,   13.0,   20.0,   12.0,    12.0,    11.0,    10.0,    11.0,    21.0,    13.0,     9.0,    11.0,    18.0,    18.0,    11.0,    13.0,    12.0,    22.0,    22.0,    20.0,    15.0,    12.0,     8.0,    11.0,    18.0,     9.0,    11.0,    10.0,     8.0,     8.0,    12.0,    15.0,    20.0,    13.0,    17.0,    16.0,    20.0,    10.0,    14.0,     6.0,    12.0,    17.0,    15.0,    12.0
Neuron_1 ,    1.0,    8.0,    8.0,   12.0,    9.0,    3.0,    2.0,    5.0,    6.0,   10.0,     4.0,     4.0,    12.0,     5.0,     2.0,    11.0,     2.0,    11.0,     5.0,     3.0,     8.0,    10.0,     4.0,     7.0,     7.0,     4.0,     0.0,     4.0,    13.0,     9.0,     7.0,     5.0,     9.0,     8.0,     6.0,    13.0,     5.0,     5.0,     4.0,     7.0,     3.0,     4.0,     2.0,     3.0,     9.0,     9.0,     9.0,     4.0,     4.0,     9.0
Neuron_2 ,   14.0,    9.0,    6.0,    8.0,    3.0,    8.0,   18.0,   12.0,   13.0,    7.0,    17.0,     5.0,     3.0,    12.0,    11.0,     7.0,     4.0,     5.0,    17.0,    22.0,     9.0,     6.0,    11.0,     5.0,    14.0,    20.0,    18.0,    17.0,     5.0,     9.0,    13.0,    11.0,    12.0,    10.0,     7.0,     8.0,     4.0,     9.0,    10.0,     6.0,    13.0,    14.0,    20.0,    16.0,    13.0,     7.0,     8.0,    16.0,    19.0,     8.0
Neuron_3 ,   10.0,   20.0,   10.0,    9.0,    1.0,   11.0,    9.0,   13.0,   15.0,    6.0,    12.0,    22.0,    19.0,    16.0,    13.0,     6.0,     6.0,    10.0,    13.0,    10.0,     5.0,    15.0,     4.0,    22.0,    14.0,     3.0,    13.0,    18.0,    11.0,    17.0,     9.0,     7.0,     6.0,     9.0,     5.0,    20.0,    20.0,     9.0,     5.0,    20.0,    16.0,    10.0,    15.0,    20.0,     8.0,    23.0,    14.0,    13.0,     8.0,     9.0
Neuron_4 ,    3.0,   13.0,    9.0,   13.0,   11.0,   14.0,    8.0,    3.0,    6.0,   11.0,     4.0,    13.0,    11.0,     6.0,     5.0,    11.0,    11.0,    13.0,     5.0,     6.0,     7.0,    14.0,    10.0,     2.0,     5.0,     4.0,     4.0,     7.0,    13.0,    12.0,     8.0,     6.0,     8.0,    14.0,    12.0,     9.0,     7.0,     3.0,     2.0,     8.0,     6.0,     1.0,     2.0,     2.0,     5.0,    12.0,     8.0,     5.0,     6.0,     8.0
Neuron_5 ,    9.0,   14.0,    3.0,    7.0,    4.0,    6.0,    7.0,   11.0,    7.0,    6.0,     8.0,    10.0,    10.0,    10.0,     5.0,     5.0,     2.0,     4.0,    12.0,     9.0,     7.0,     6.0,     6.0,    10.0,     1.0,     3.0,    11.0,     7.0,    15.0,    11.0,     4.0,     7.0,     5.0,     5.0,     2.0,     6.0,     6.0,    10.0,     5.0,     6.0,    10.0,     8.0,    10.0,    11.0,     7.0,     5.0,    10.0,     7.0,     4.0,     5.0
Neuron_6 ,    9.0,    7.0,    6.0,   13.0,    6.0,   14.0,   14.0,   15.0,   20.0,    6.0,    11.0,    11.0,     9.0,    10.0,     7.0,     5.0,     9.0,    11.0,    13.0,     4.0,    13.0,    13.0,     3.0,     5.0,     9.0,     9.0,    12.0,     6.0,     6.0,     9.0,     6.0,     5.0,     9.0,     8.0,     7.0,    14.0,     6.0,     8.0,    15.0,    10.0,    11.0,     7.0,     8.0,     8.0,     6.0,     9.0,     8.0,    12.0,     8.0,     7.0
Neuron_7 ,    8.0,    9.0,    2.0,    6.0,    4.0,    4.0,    8.0,    5.0,    7.0,    0.0,    10.0,     3.0,     5.0,     6.0,     7.0,     4.0,     3.0,     2.0,     6.0,     6.0,     3.0,     5.0,     7.0,     7.0,     3.0,     4.0,     3.0,     9.0,     5.0,     5.0,     0.0,     6.0,     7.0,     4.0,     5.0,     7.0,    10.0,     8.0,     3.0,     5.0,     6.0,     4.0,     7.0,    12.0,     5.0,     3.0,     1.0,    10.0,    10.0,     2.0
Neuron_8 ,   10.0,    9.0,    8.0,   10.0,   17.0,   11.0,    8.0,   11.0,   12.0,   15.0,    10.0,     6.0,     9.0,     8.0,    11.0,    14.0,    15.0,    13.0,     5.0,    13.0,    17.0,     9.0,    16.0,     5.0,     8.0,    17.0,    10.0,    12.0,     4.0,     2.0,     8.0,    16.0,    15.0,    10.0,    11.0,     6.0,     4.0,     9.0,    21.0,     6.0,    13.0,     9.0,     6.0,    10.0,    14.0,     4.0,     5.0,     6.0,    14.0,    13.0
Neuron_9 ,    6.0,    3.0,   12.0,   11.0,   12.0,    3.0,    6.0,    6.0,    5.0,   16.0,     3.0,     4.0,    11.0,     4.0,     7.0,    16.0,     7.0,    12.0,     7.0,     2.0,     7.0,     6.0,     4.0,     1.0,    10.0,     7.0,    10.0,     7.0,     5.0,     4.0,    12.0,    15.0,     8.0,     7.0,    14.0,     5.0,     8.0,     4.0,     9.0,     3.0,    10.0,     6.0,     5.0,     5.0,    11.0,     4.0,     3.0,     5.0,     7.0,    12.0
Neuron_10,    1.0,    7.0,    7.0,   12.0,    7.0,    6.0,    2.0,    4.0,    1.0,   10.0,     4.0,     7.0,    10.0,     1.0,     2.0,     8.0,    12.0,     7.0,     3.0,     1.0,     9.0,    12.0,     7.0,     6.0,     3.0,     3.0,     2.0,     3.0,     8.0,     0.0,     6.0,     4.0,     8.0,     7.0,     7.0,     5.0,     2.0,     4.0,     3.0,     2.0,     3.0,     6.0,     3.0,     2.0,     4.0,    11.0,    11.0,     3.0,     3.0,     6.0
Neuron_11,   16.0,   15.0,   12.0,   18.0,   22.0,   23.0,   14.0,   17.0,   11.0,   17.0,    17.0,    17.0,    23.0,    20.0,    22.0,    23.0,    20.0,    12.0,    16.0,    23.0,    22.0,    17.0,    23.0,    19.0,    20.0,    19.0,    11.0,    18.0,    21.0,    25.0,    16.0,    26.0,    20.0,    30.0,    15.0,    15.0,    19.0,    17.0,    18.0,    16.0,    23.0,    23.0,    19.0,    14.0,    19.0,    15.0,    12.0,    14.0,    12.0,    20.0
Neuron_12,    6.0,    8.0,    3.0,    5.0,    3.0,    6.0,    8.0,    8.0,    4.0,    3.0,    11.0,     6.0,     8.0,     8.0,     3.0,     4.0,     4.0,     2.0,    15.0,     4.0,     2.0,     5.0,     6.0,    10.0,     5.0,     5.0,     7.0,     7.0,    11.0,    10.0,     6.0,     1.0,     1.0,    10.0,     2.0,    10.0,     7.0,     9.0,     1.0,    11.0,     8.0,     4.0,    10.0,    10.0,     2.0,    13.0,     8.0,     7.0,     4.0,     3.0
Neuron_13,    4.0,    9.0,    8.0,    6.0,    3.0,   16.0,    4.0,    8.0,   14.0,    4.0,    12.0,    14.0,     5.0,     7.0,     5.0,     8.0,     7.0,     7.0,     7.0,     3.0,     3.0,     8.0,     6.0,     6.0,     3.0,     6.0,     7.0,    11.0,     7.0,    11.0,     1.0,     4.0,    11.0,     9.0,     7.0,     7.0,     7.0,     8.0,     5.0,     8.0,    11.0,     3.0,     5.0,    11.0,     1.0,    12.0,     6.0,     5.0,     2.0,     6.0
Neuron_14,    9.0,    3.0,    3.0,    9.0,   13.0,    4.0,    8.0,   12.0,    6.0,   15.0,     7.0,     2.0,     3.0,     6.0,    16.0,     8.0,     5.0,     9.0,    10.0,    20.0,     4.0,     1.0,    12.0,     5.0,    20.0,    10.0,    18.0,    13.0,     1.0,     6.0,    10.0,     8.0,    14.0,     5.0,     6.0,     3.0,     5.0,    15.0,    13.0,     5.0,    16.0,    10.0,     8.0,     1.0,     7.0,     1.0,     2.0,    19.0,    12.0,    13.0
Neuron_15,    7.0,   12.0,   13.0,    9.0,   12.0,   11.0,    8.0,    5.0,    4.0,    4.0,    10.0,     9.0,    14.0,    14.0,    11.0,    15.0,     6.0,     9.0,     6.0,    10.0,     9.0,     9.0,     6.0,    11.0,    13.0,     5.0,    10.0,    10.0,     9.0,    10.0,     8.0,     9.0,     8.0,     8.0,     9.0,    17.0,    11.0,     7.0,     5.0,    13.0,     7.0,     5.0,     9.0,    14.0,     8.0,    12.0,     6.0,     6.0,    10.0,     8.0
Neuron_16,   13.0,   15.0,   15.0,    7.0,    4.0,   15.0,   17.0,   12.0,    7.0,    4.0,    15.0,     9.0,    16.0,    18.0,     9.0,    14.0,     6.0,    10.0,    15.0,     5.0,    11.0,    12.0,     4.0,    10.0,    12.0,     2.0,    12.0,    13.0,    13.0,    18.0,     8.0,     7.0,     6.0,    12.0,     8.0,    16.0,    13.0,     8.0,    12.0,    20.0,    10.0,    10.0,    18.0,    21.0,    13.0,    13.0,    13.0,     9.0,     8.0,     8.0
Neuron_17,   19.0,   18.0,   15.0,   16.0,   18.0,   19.0,   12.0,   19.0,   19.0,   16.0,    20.0,    18.0,    13.0,    14.0,    23.0,    20.0,    22.0,    20.0,    19.0,    15.0,    16.0,    14.0,    15.0,    21.0,    16.0,    20.0,    15.0,    15.0,    15.0,     9.0,    20.0,    22.0,    16.0,    18.0,    19.0,    25.0,    18.0,    23.0,    22.0,    14.0,    17.0,    25.0,    21.0,    16.0,    17.0,    22.0,    23.0,    21.0,    23.0,    20.0
Neuron_18,   11.0,    1.0,   15.0,   12.0,   22.0,    1.0,   10.0,   10.0,    5.0,   20.0,    12.0,     4.0,    12.0,     2.0,     9.0,    17.0,    16.0,    17.0,     6.0,    15.0,    11.0,    12.0,    10.0,     2.0,     8.0,    11.0,     6.0,    11.0,     9.0,     4.0,    15.0,    19.0,     7.0,    17.0,    17.0,     1.0,     8.0,     9.0,    20.0,     7.0,     8.0,     9.0,     6.0,     7.0,    16.0,     6.0,     6.0,    10.0,    15.0,    14.0
Neuron_19,    2.0,    3.0,    4.0,    2.0,    1.0,    4.0,    1.0,    3.0,    7.0,    1.0,     6.0,     6.0,     3.0,     7.0,     2.0,     3.0,     2.0,     1.0,     3.0,     1.0,     0.0,     7.0,     2.0,     3.0,     3.0,     2.0,     3.0,     6.0,     9.0,     5.0,     6.0,     1.0,     2.0,     3.0,     1.0,     4.0,     3.0,     8.0,     1.0,     4.0,     4.0,     2.0,     2.0,     5.0,     1.0,     5.0,     7.0,     5.0,     4.0,     3.0
